,ADBE,ADM,AMAT,EOG,JNJ,KO,MSFT,NEM,NVDA
ADBE,0.11118047219589433,0.02286522255132137,0.07249748594365311,0.029395291697714168,0.017090719110583085,0.018307636954138028,0.0639568728730189,0.010327418159742334,0.09154944336291831
ADM,0.02286522255132137,0.07365292822479237,0.03651418461935061,0.04590350197705691,0.01774974682587763,0.020907888420212427,0.024617305068325792,0.014401824773946303,0.027996790750189706
AMAT,0.07249748594365311,0.03651418461935061,0.16321997833221508,0.05086800781497723,0.018328935900019147,0.021175882559038545,0.06521350054869056,0.01734394959847283,0.1269964640229686
EOG,0.029395291697714168,0.04590350197705691,0.05086800781497723,0.16324361216849279,0.01568422234071985,0.0195505299321157,0.02963328809290871,0.023186594115744696,0.04016361916539767
JNJ,0.017090719110583085,0.01774974682587763,0.018328935900019147,0.01568422234071985,0.03267178168691687,0.016551233012534566,0.01877839164254,0.008630480998569272,0.015020097384441568
KO,0.018307636954138028,0.020907888420212427,0.021175882559038545,0.0195505299321157,0.016551233012534566,0.031916906705220315,0.01962910845518832,0.011812687435299781,0.017171334175870856
MSFT,0.0639568728730189,0.024617305068325792,0.06521350054869056,0.02963328809290871,0.01877839164254,0.01962910845518832,0.07360751605049148,0.011574508343072491,0.0797062477233667
NEM,0.010327418159742334,0.014401824773946303,0.01734394959847283,0.023186594115744696,0.008630480998569272,0.011812687435299781,0.011574508343072491,0.13102225189643488,0.013059180277669329
NVDA,0.09154944336291831,0.027996790750189706,0.1269964640229686,0.04016361916539767,0.015020097384441568,0.017171334175870856,0.0797062477233667,0.013059180277669329,0.23252481007640136
